tau_membrane,ref_time,offset_current,current_noise,stim_gain,tau_dendritic,tau_adaptation,delta_adaptation,adapt_noise
37.473198,2.9998207,23.939764,6.360304,-60.042984,10.79011,57.30571,4.408576,46.61327
33.543243,0.89388824,49.94841,12.60496,-74.59211,5.6523323,60.5117,5.8521957,149.65332
8.489885,1.8907084,26.456835,2.920766,-83.738396,3.0568323,267.1589,0.5267306,9.455034
36.536716,0.8923179,34.825268,9.246348,-13.693581,4.3814197,65.02712,2.7695894,22.876194
9.176106,1.462802,28.538172,2.7985163,-66.46729,14.99123,47.371284,5.8222547,26.29773
39.97604,0.42186147,13.459675,3.636584,-32.514725,3.9139056,47.53868,1.3304533,13.483962
32.608604,1.8733059,34.053135,7.286273,-18.454239,7.168932,43.567936,5.276992,27.887